{"cameraMode":{"drawMode":0,"name":"Shaded","section":"Shading Mode"},"sceneLighting":false,"audioPlay":false,"sceneViewState":{"m_AlwaysRefresh":false,"showFog":true,"showSkybox":false,"showFlares":true,"showImageEffects":true,"showParticleSystems":true,"showVisualEffectGraphs":true,"m_FxEnabled":false},"in2DMode":false,"pivot":{"x":0.6857645511627197,"y":2.6106808185577394,"z":-0.5221289992332459},"rotation":{"x":-0.22853143513202668,"y":0.7201056480407715,"z":-0.5936171412467957,"w":-0.27723655104637148},"size":0.4005785584449768,"orthographic":false}