{"cameraMode":{"drawMode":0,"name":"Shaded","section":"Shading Mode"},"sceneLighting":false,"audioPlay":false,"sceneViewState":{"m_AlwaysRefresh":false,"showFog":true,"showSkybox":false,"showFlares":true,"showImageEffects":true,"showParticleSystems":true,"showVisualEffectGraphs":true,"m_FxEnabled":false},"in2DMode":false,"pivot":{"x":16.81484031677246,"y":4.069493770599365,"z":0.24720066785812379},"rotation":{"x":0.06348788738250733,"y":0.8677867650985718,"z":-0.47928130626678469,"w":0.11495456099510193},"size":0.590551495552063,"orthographic":false}