{"cameraMode":{"drawMode":0,"name":"Shaded","section":"Shading Mode"},"sceneLighting":false,"audioPlay":false,"sceneViewState":{"m_AlwaysRefresh":false,"showFog":true,"showSkybox":false,"showFlares":true,"showImageEffects":true,"showParticleSystems":true,"showVisualEffectGraphs":true,"m_FxEnabled":false},"in2DMode":false,"pivot":{"x":10.729866981506348,"y":4.077000141143799,"z":0.5037411451339722},"rotation":{"x":0.018312672153115274,"y":0.981683075428009,"z":-0.1321481317281723,"w":0.13603995740413667},"size":0.8379996418952942,"orthographic":false}