{"cameraMode":{"drawMode":0,"name":"Shaded","section":"Shading Mode"},"sceneLighting":false,"audioPlay":false,"sceneViewState":{"m_AlwaysRefresh":false,"showFog":true,"showSkybox":false,"showFlares":true,"showImageEffects":true,"showParticleSystems":true,"showVisualEffectGraphs":true,"m_FxEnabled":false},"in2DMode":false,"pivot":{"x":-1.5409173965454102,"y":0.6236065626144409,"z":-0.39981746673583987},"rotation":{"x":-0.3033778667449951,"y":0.17561520636081696,"z":-0.05699356645345688,"w":-0.9348123669624329},"size":4.6421685218811039,"orthographic":false}