{"cameraMode":{"drawMode":0,"name":"Shaded","section":"Shading Mode"},"sceneLighting":false,"audioPlay":false,"sceneViewState":{"m_AlwaysRefresh":false,"showFog":true,"showSkybox":false,"showFlares":true,"showImageEffects":true,"showParticleSystems":true,"showVisualEffectGraphs":true,"m_FxEnabled":false},"in2DMode":false,"pivot":{"x":3.927999973297119,"y":1.2730000019073487,"z":-3.8970000743865969},"rotation":{"x":0.018312672153115274,"y":0.981683075428009,"z":-0.1321481317281723,"w":0.13603995740413667},"size":0.3544709086418152,"orthographic":false}