{"cameraMode":{"drawMode":0,"name":"Shaded","section":"Shading Mode"},"sceneLighting":false,"audioPlay":false,"sceneViewState":{"m_AlwaysRefresh":false,"showFog":true,"showSkybox":false,"showFlares":true,"showImageEffects":true,"showParticleSystems":true,"showVisualEffectGraphs":true,"m_FxEnabled":false},"in2DMode":false,"pivot":{"x":-52.33457946777344,"y":0.9878498315811157,"z":35.152259826660159},"rotation":{"x":0.01708599552512169,"y":0.9768790602684021,"z":-0.19539135694503785,"w":0.08548831939697266},"size":1.2057878971099854,"orthographic":false}